x,y,z,cos_pitch,cos_yaw
0.3,0.681,-0.0785,0.999958657065461,-0.9919880784750531
0.2992541617,0.6888409516,-0.07824874372,0.9791550885042575,-0.9905795684513118
0.2972895384,0.6964478820000001,-0.07799748744,0.9533899810936121,-0.9914471033451864
0.2941610476999999,0.7036330613,-0.07774623116,0.9643668753873119,-0.9735433382491281
0.2899522486,0.710220183,-0.07749497487,0.9483413056503583,-0.9942734736037213
0.2847731202,0.716048689,-0.07724371859,0.9886988604708187,-0.9873348587349063
0.2787571946,0.7209776818,-0.07699246231,0.987204431513827,-0.9894378447779948
0.2720581183,0.7248893274,-0.07674120603,0.9994059717217972,-0.9996887206557064
0.2648457312,0.7276916677,-0.07648994975,0.9922977496480977,-0.9815502631058464
0.2573017614,0.7293207753000001,-0.07623869347,0.988498798816623,-0.9959434074532025
0.2496152479,0.7297422001,-0.0759874371899999,0.9906694679687197,-0.9576477796935458
0.2419778034,0.7289516744,-0.0757361808999999,0.9653804320803405,-0.9980066378390514
0.2345788376,0.7269750655,-0.07548492462,0.9898635742546572,-0.9760508140435501
0.2276008602999999,0.7238675773,-0.0752336683399999,0.9716607238443687,-0.969420299382546
0.2212149795,0.7197122274,-0.07498241206,0.9761276129229333,-0.9548623584788614
0.2155767063,0.7146176395999999,-0.0747311557799999,0.9673613896221623,-0.9999941985249664
0.2108221702,0.7087152111,-0.0744798995,0.9897306504100144,-0.9906727304689235
0.2070648343,0.7021557282,-0.07422864322,0.9981322848059966,-0.980028798751122
0.2043927938,0.6951055164000001,-0.07397738693,0.9997119957955051,-0.9760552143763861
0.2028667168,0.6877422252000001,-0.07372613065,0.9813945745588812,-0.9949383925651445
0.2025184802,0.6802503517999999,-0.07347487437,0.995266998438267,-0.9799323253315605
0.2033505280999999,0.6728166189,-0.07322361809,0.9998114357025955,-0.9903260102199691
0.2053359649,0.6656253209999999,-0.07297236181,0.996318534141094,-0.9801115828524875
0.2084193793,0.6588537551,-0.07272110553,0.9907897087869081,-0.9764131905182758
0.2125183719,0.6526678505,-0.07246984925,0.997333770322287,-0.9777378923504063
0.2175257468,0.6472181033000001,-0.07221859296,0.9857960507353349,-0.9439030666179853
0.2233123084,0.6426359169,-0.07196733668,0.9803705628323872,-0.995155724310207
0.22973019,0.6390304371,-0.0717160803999999,0.9832488230817142,-0.9999724271759801
0.2366166301,0.6364859568000001,-0.07146482412,0.9771842069292643,-0.9976480616133734
0.2437980983,0.6350599539999999,-0.0712135678399999,0.9833573361740398,-0.9522432073612332
0.2510946675,0.6347818059,-0.07096231156,0.9579054969731886,-0.9604679590792846
0.2583245213,0.6356522104,-0.0707110552799999,0.9814620514441974,-0.9429275371286048
0.2653084851,0.637643323,-0.07045979899,0.9869667801112959,-0.9570738374783831
0.2718744656,0.6406996035,-0.07020854271,0.998831617117195,-0.9507359256522002
0.277861692,0.6447393474,-0.06995728643,0.943018026465971,-0.9715053640970419
0.2831246507,0.6496568588,-0.06970603015,0.9917282996273596,-0.9845336474915859
0.2875366205,0.6553252099,-0.06945477387,0.9904978141681952,-0.9775183875778501
0.2909927201,0.6615995123,-0.06920351759,0.965342870647125,-0.9987182088330351
0.2934123964,0.6683206178000001,-0.06895226131,0.9994287892973591,-0.9998776412091542
0.2947412932,0.675319154,-0.06870100503,0.9994780350454647,-0.9931741199527555
0.2949524584,0.6824197916000001,-0.06844974874,0.9518595350003122,-0.9683219080381442
0.2940468627,0.6894456363,-0.06819849246,0.9969205189219883,-0.9604196356839039
0.2920532206,0.6962226362,-0.06794723618,0.9473011078363262,-0.9954936810559696
0.2890271222,0.702583893,-0.0676959799,0.9872891448072805,-0.9916795099258053
0.2850495015,0.7083737723000001,-0.06744472362,0.9977845753699337,-0.9994277451019604
0.2802244821,0.7134517098000001,-0.06719346734,0.9793631032428108,-0.9999093018786522
0.2746766584999999,0.7176956224000001,-0.06694221106,0.9697337052051171,-0.9902750036036049
0.2685478831,0.7210048392,-0.06669095477,0.9956016736386143,-0.9408507069917827
0.2619936417999999,0.7233024845999999,-0.06643969849,0.9408068945726338,-0.9994269323451538
0.255179111,0.7245372546,-0.06618844221,0.9493283234936144,-0.9999839014249549
0.2482749954999999,0.7246845479999999,-0.06593718593,0.984179708937486,-0.9980053153166253
0.2414532527,0.7237469261,-0.06568592965,0.9598126319404185,-0.948075403995721
0.2348828096,0.7217538944,-0.06543467337,0.9998347276800671,-0.9420834092731972
0.2287253796999999,0.7187610147,-0.06518341709,0.9537595190696143,-0.9998654423689538
0.2231314835,0.714848374,-0.0649321608,0.9893422490636177,-0.9873285438756005
0.2182367699,0.7101184528,-0.06468090452,0.9916869868363168,-0.9600650019768405
0.2141587293,0.7046934469,-0.06442964824,0.9993897208742798,-0.9784633625829383
0.2109938764,0.6987121155,-0.06417839196,0.9946921724389499,-0.9861360267520992
0.2088154726999999,0.6923262346,-0.06392713568,0.9461642042618159,-0.9458025670973172
0.2076718395,0.6856967469999999,-0.0636758794,0.9989145267732552,-0.953222526612685
0.2075853017999999,0.6789897072,-0.06342462312,0.9952359870537065,-0.9990952774356676
0.2085517855,0.6723721219000001,-0.06317336683,0.996117610716665,-0.9719400461902528
0.2105410735,0.6660077917,-0.06292211055,0.9477790617252946,-0.9998987158020388
0.2134977107,0.6600532567999999,-0.0626708542699999,0.9909955970269569,-0.9833026741712411
0.217342532,0.6546539468,-0.06241959799,0.9922063562233445,-0.9811130577512055
0.2219747716,0.6499406306,-0.06216834171,0.975054212635106,-0.9975060530645229
0.2272746966,0.646026251,-0.06191708543,0.9799626922745766,-0.9464048032404564
0.2331066976,0.6430032223,-0.06166582915,0.9997616751222117,-0.9982770612040835
0.2393227557,0.640941255,-0.06141457286,0.9753301289611457,-0.9789507364104142
0.245766198,0.639885758,-0.06116331658,0.9656589048943676,-0.9999986129366164
0.2522756455,0.6398568553,-0.0609120603,0.9503293130267332,-0.9627206736898549
0.2586890549,0.6408490379,-0.06066080402,0.945931373696104,-0.985535524732559
0.2648477525,0.642831456,-0.06040954774,0.9778851640358764,-0.9559929484559275
0.2706003594,0.6457488392999999,-0.06015829146,0.9967206966245015,-0.9416155780556998
0.2758065125,0.6495230202,-0.05990703518,0.9534541322688549,-0.9731182351079922
0.2803402874,0.6540550177,-0.05965577889,0.9534491634993193,-0.971734131708313
0.2840932423,0.6592276259000001,-0.05940452261,0.986204608168915,-0.9706141575826326
0.2869770074,0.6649084411,-0.05915326633,0.9568969922044005,-0.9501832489557062
0.288925359,0.6709532477,-0.05890201005,0.9479895643400047,-0.9949582933143353
0.2898957303,0.6772096785999999,-0.05865075377,0.9632128439165961,-0.9946885570953089
0.289870123,0.6835210541,-0.05839949749,0.9997226952927085,-0.9424758268193139
0.2888554028,0.6897303065,-0.05814824121,0.9987641199934439,-0.9780711311314558
0.2868829734999999,0.6956838881999999,-0.05789698492,0.9948773595646038,-0.9830425350689441
0.2840078423,0.7012355690000001,-0.05764572864,0.9667343642760949,-0.9934100290467394
0.2803071044999999,0.7062500268999999,-0.05739447236,0.9769579577175125,-0.9974097382807783
0.2758778863,0.7106061456,-0.05714321608,0.9549265512972691,-0.9932285913055173
0.2708348032,0.714199937,-0.0568919598,0.9800762217096025,-0.9736553705130854
0.2653069980999999,0.7169470192999999,-0.05664070352,0.9969587455907136,-0.9621252996602545
0.2594348375,0.7187845912999999,-0.05638944724,0.9596430196325947,-0.9625905351682913
0.2533663484,0.719672857,-0.05613819095,0.9728155843523457,-0.9381226277835376
0.2472534874,0.7195958687,-0.05588693467,0.9999965286420325,-0.9727177284060153
0.241248336,0.7185617704,-0.05563567839,0.985222222285043,-0.9879594772066833
0.2354993169,0.7166024407,-0.05538442211,0.9915220717721576,-0.9578157263145956
0.2301475259,0.7137725464,-0.05513316583,0.9916673808454236,-0.9475658762153909
0.2253232692,0.7101480357000001,-0.05488190955,0.9993460925098012,-0.9743736657128359
0.2211428928,0.7058241104,-0.05463065327,0.9935602741972555,-0.9999736949700168
0.217705979,0.7009127328,-0.05437939698,0.983974096244067,-0.9963331452961792
0.2150929784999999,0.6955397307,-0.0541281407,0.9984197345386794,-0.9701411902912273
0.2133633352999999,0.6898415767,-0.05387688442,0.9999721054426581,-0.9885451625610815
0.2125541456,0.6839619235,-0.05362562814,0.9632738404323806,-0.995453452886759
0.2126793826,0.6780479826,-0.05337437186,0.9972670467738752,-0.9958491429034869
0.213729702,0.672246839,-0.05312311558,0.9995540890259369,-0.999388023657518
0.2156728294,0.6667017931,-0.0528718593,0.9946028968902278,-0.9985550134147396
0.2184545158999999,0.6615488206,-0.05262060302,0.9693799470313837,-0.9751382187653351
0.2220000345999999,0.6569132393999999,-0.0523693467299999,0.9523185555955971,-0.9874384068862256
0.2262161772,0.652906663,-0.0521180904499999,0.978391777633464,-0.9470073111170235
0.2309936969,0.6496243161999999,-0.0518668341699999,0.9819291673147634,-0.9928481666983796
0.2362101347,0.647142777,-0.05161557789,0.9509808609857433,-0.9891808456993423
0.2417329558,0.6455181973,-0.05136432161,0.9922347709509511,-0.9558663373565792
0.2474229151,0.6447850452,-0.05111306533,0.9719759131077722,-0.9954665969079632
0.2531375675,0.6449553954,-0.05086180905,0.978418061051996,-0.9991846895318356
0.2587348335,0.6460187816,-0.05061055276,0.9916019576567735,-0.9863309108082841
0.264076532,0.6479426125,-0.0503592964799999,0.9421400413673257,-0.9878346849102252
0.2690317914,0.6506731345,-0.0501080401999999,0.9914343707035796,-0.9548489898583782
0.2734802547,0.6541369158,-0.0498567839199999,0.9886022362613224,-0.9989983322134219
0.2773150018,0.6582428102,-0.04960552764,0.9947321059716704,-0.9902111451764564
0.280445116,0.6628843478,-0.04935427136,0.984200914526649,-0.9768586898684658
0.282797834,0.6679424918,-0.04910301508,0.9792296943261749,-0.969238401805141
0.2843202296,0.6732886883,-0.04885175879,0.9979821208159758,-0.9752368530633994
0.284980391,0.6787881318,-0.04860050251,0.9842897376932129,-0.9441937466857019
0.2847680659,0.6843031641,-0.04834924623,0.9942516314356721,-0.9993200566291643
0.2836947639,0.6896967198999999,-0.0480979899499999,0.9976728392394312,-0.9998372885755682
0.2817933147,0.6948357329,-0.04784673367,0.9814068076341674,-0.9678030972422634
0.2791168995,0.6995944189000001,-0.04759547739,0.963197555572389,-0.9970473645818599
0.2757375813,0.7038573534,-0.04734422111,0.9987141947442159,-0.9975451665252638
0.2717443761999999,0.70752227,-0.04709296482,0.9988000553624804,-0.9980387668069095
0.2672409162,0.7105025099,-0.04684170854,0.9996458097094829,-0.9554175526224862
0.2623427634999999,0.7127290656999999,-0.04659045226,0.9938805341696513,-0.9844026311202007
0.2571744489999999,0.7141521705,-0.04633919598,0.9667837316674182,-0.9638185347786251
0.2518663068,0.7147423960999999,-0.0460879397,0.9962576665982934,-0.9979239259190859
0.2465511887,0.7144912366999999,-0.04583668342,0.9838054464606752,-0.9999753805382652
0.2413611387,0.7134111663999999,-0.04558542714,0.9793499205881564,-0.9956388155734068
0.2364241135,0.7115351749000001,-0.04533417085,0.9962647479057132,-0.9830655379629774
0.2318608271,0.7089157937,-0.04508291457,0.9798374467682076,-0.9421789135915505
0.2277818009,0.7056236441999999,-0.04483165829,0.999364407223898,-0.9677811660806108
0.2242846884,0.7017455448,-0.04458040201,0.9459385465191541,-0.9697340983256618
0.2214519409,0.697382229,-0.04432914573,0.9969997237968005,-0.9906750952355066
0.2193488696,0.6926457332,-0.04407788945,0.9487382534107853,-0.9762958114406887
0.2180221491,0.6876565230999999,-0.04382663317,0.9652763390915303,-0.9966725710782373
0.2174987963,0.6825404315,-0.04357537688,0.9773473177614463,-0.9987140206231119
0.2177856477,0.6774254846,-0.0433241206,0.9981716006137039,-0.9794199529128164
0.2188693426,0.6724386992,-0.04307286432,0.9917178513856999,-0.9999787549201787
0.2207168104,0.6677029280000001,-0.04282160804,0.9590137387596802,-0.9999780675472536
0.2232762455,0.6633338335,-0.04257035176,0.9971393925143335,-0.9889607972354952
0.226478541,0.6594370641,-0.04231909548,0.9860967182706402,-0.9710425196446876
0.2302391433999999,0.6561057017,-0.0420678392,0.97304607844402,-0.9724357857249727
0.2344602773,0.6534180414999999,-0.04181658291,0.998390017643325,-0.9696305525042216
0.2390334832,0.6514357586999999,-0.04156532663,0.9696535090047138,-0.9940939083223006
0.2438424011,0.6502025028,-0.04131407035,0.9808851291793473,-0.9472694629784438
0.2487657295999999,0.6497429528,-0.04106281407,0.9871290132132589,-0.9712235634978117
0.2536802851999999,0.6500623521,-0.04081155779,0.9900820325857108,-0.9852900776528392
0.2584640843,0.6511465323,-0.04056030151,0.9998978328558452,-0.9789709429447945
0.262999371,0.6529624204000001,-0.04030904523,0.990997831247369,-0.9768642976335791
0.2671755151,0.6554590128,-0.04005778894,0.9506134295023857,-0.9856732443742617
0.27089171,0.6585687898,-0.03980653266,0.9573947547045849,-0.9807632225405984
0.2740594036,0.6622095292,-0.03955527638,0.9996132352520501,-0.9958933343128139
0.2766044045,0.6662864729,-0.0393040201,0.9766277645303272,-0.9710039797407848
0.2784686128,0.6706947884,-0.03905276382,0.9983132349375009,-0.9632806560891835
0.2796113363,0.6753222613000001,-0.03880150754,0.9871462245445105,-0.9655775852810999
0.2800101608,0.6800521503,-0.03855025126,0.9998153466470469,-0.948244442089657
0.2796613587,0.6847661319,-0.03829899497,0.9921622783379858,-0.9610791778437339
0.2785798276,0.68934726,-0.03804773869,0.9995854560749006,-0.9996664150297823
0.2767985649,0.6936828673,-0.03779648241,0.9976595009682948,-0.9657762923515418
0.2743676956,0.6976673361000001,-0.03754522613,0.9991503661448111,-0.986298292378587
0.2713530806,0.7012046695,-0.03729396985,0.994812371277329,-0.9794261991593477
0.2678345446,0.7042108024,-0.03704271357,0.9648884765921617,-0.9874067455456773
0.2639037699,0.7066155945,-0.0367914572899999,0.9861108334353657,-0.9999979799968753
0.2596619127,0.7083644601,-0.0365402010099999,0.9467067326016552,-0.9478780239453063
0.2552170025,0.7094195956999999,-0.03628894472,0.9997214752478398,-0.9892702804133344
0.2506811925,0.7097607784000001,-0.03603768844,0.9994907890158584,-0.9837202314874011
0.2461679307,0.7093857195000001,-0.03578643216,0.9986240752055516,-0.9900543345034039
0.2417891217,0.708309967,-0.03553517588,0.9978446418056864,-0.9787686978220899
0.2376523529,0.7065663645,-0.0352839196,0.9836450908424368,-0.9907881240432759
0.233858251,0.7042040825,-0.03503266332,0.983830612893771,-0.9874915931319426
0.2304980356,0.7012872517,-0.03478140704,0.9792277038165079,-0.9905728524837321
0.2276513287,0.6978932335,-0.0345301507499999,0.979063331902971,-0.9999614091493038
0.2253842725,0.694110577,-0.0342788944699999,0.9947578535278351,-0.9984809731937183
0.2237480006,0.6900367129,-0.03402763819,0.9622895641632674,-0.9929688005459496
0.2227774965,0.6857754478000001,-0.03377638191,0.9909064054201897,-0.9798960791196307
0.2224908655,0.6814343199999999,-0.03352512563,0.9557276087201468,-0.9347809153814371
0.222889035,0.6771218863,-0.03327386935,0.9917571073317475,-0.9718351169763411
0.2239558849,0.6729450077,-0.03302261307,0.9510217717900918,-0.9919976861062616
0.2256588037,0.6690062014,-0.03277135678,0.9733651395102283,-0.9961133364808378
0.2279496507,0.6654011247,-0.0325201004999999,0.9976861613668111,-0.9595488027116577
0.230766097,0.6622162535999999,-0.0322688442199999,0.9911878286564317,-0.9543313877439382
0.2340333089,0.6595268114,-0.03201758794,0.993443496488018,-0.9809374671975304
0.2376659283,0.6573949964,-0.03176633166,0.9533886493243219,-0.936321343088236
0.2415702972,0.6558685523000001,-0.03151507538,0.9996620492838411,-0.982795567513434
0.24564687,0.6549797116,-0.0312638191,0.9929810595384513,-0.9984112287225986
0.2497927495,0.6547445366,-0.0310125628099999,0.9876076738403057,-0.9854108440980773
0.2539042838,0.6551626703,-0.0307613065299999,0.9580720050151295,-0.9996580205783215
0.2578796573,0.6562174995000001,-0.03051005025,0.9696543013886036,-0.998037886653949
0.2616214127,0.6578767227,-0.03025879397,0.9836900437372377,-0.9591709670389326
0.2650388389999999,0.6600933041,-0.03000753769,0.9912510170238243,-0.9669280918729051
0.2680501693,0.6628067874,-0.0297562814099999,0.9507901401726766,-0.9974642696044506
0.2705845342,0.6659449311,-0.02950502513,0.9761444933995121,-0.9392638220406279
0.2725836244,0.6694256244,-0.02925376884,0.9972322208099984,-0.9416905627406915
0.2740030233,0.6731590296000001,-0.02900251256,0.9535992241086284,-0.9560259043349665
0.2748131796999999,0.6770498984,-0.0287512562799999,0.9871670319788531,-0.993932888529119
0.275,0.681,-0.0285,0.9722095470918277,-0.9939328468724921
