x,y,z,pitch,yaw
0.3,0.681,-0.0785,-0.521002463,172.7423443
0.2992541617,0.6888409516,-0.07824874372,-11.71911889,172.1292783
0.29728953840000005,0.6964478820000001,-0.07799748744,17.56219299,172.5009842
0.29416104769999996,0.7036330613,-0.07774623116,-15.3413189,-166.7910794
0.2899522486,0.710220183,-0.07749497487,18.49681259,173.8653367
0.2847731202,0.716048689,-0.07724371859,-8.622011557,-170.871444
0.2787571946,0.7209776818,-0.07699246231,-9.175539313,-171.665167
0.2720581183,0.7248893274,-0.07674120603,-1.97497995,178.5703687
0.2648457312,0.7276916677,-0.07648994975,7.115830487,168.9769264
0.2573017614,0.7293207753000001,-0.07623869347000001,-8.698139193,-174.8374384
0.2496152479,0.7297422001,-0.07598743718999999,7.833017497,-163.2651994
0.2419778034,0.7289516744,-0.07573618089999999,15.12026507,176.3817139
0.2345788376,0.7269750655,-0.07548492462,-8.16483824,-167.4352576
0.22760086029999999,0.7238675773,-0.07523366833999999,13.6729747,-165.7941502
0.2212149795,0.7197122274,-0.07498241206,12.54449928,162.7195783
0.2155767063,0.7146176395999999,-0.07473115577999999,-14.67884293,-179.8048327
0.2108221702,0.7087152111,-0.0744798995,-8.218289983,-172.1683542
0.2070648343,0.7021557282,-0.07422864322,3.502358306,-168.5299538
0.2043927938,0.6951055164000001,-0.07397738693,-1.375141751,167.4364166
0.2028667168,0.6877422252000001,-0.07372613065,-11.06962973,-174.2327973
0.2025184802,0.6802503517999999,-0.07347487437,-5.576701462,-168.5021903
0.20335052809999998,0.6728166189,-0.07322361809,-1.112690009,-172.0238892
0.2053359649,0.6656253209999999,-0.07297236181,-4.917918707,168.5538307
0.2084193793,0.6588537551,-0.07272110553,7.782304277,-167.5310587
0.2125183719,0.6526678505,-0.07246984925,4.184879435,-167.8876121
0.2175257468,0.6472181033000001,-0.07221859296,9.668466313,160.7177098
0.2233123084,0.6426359169,-0.07196733668000001,-11.3711539,174.3580721
0.22973019,0.6390304371,-0.07171608039999999,10.50191282,-179.5745199
0.2366166301,0.6364859568000001,-0.07146482412,-12.26265816,176.069609
0.2437980983,0.6350599539999999,-0.07121356783999999,-10.46774694,162.2213444
0.25109466750000003,0.6347818059,-0.07096231156,-16.68344253,-163.8358287
0.2583245213,0.6356522104,-0.07071105527999999,-11.04947565,-160.5491575
0.2653084851,0.637643323,-0.07045979899,-9.26053997,-163.1513703
0.2718744656,0.6406996035,-0.07020854271,2.769953748,161.9406529
0.277861692,0.6447393474,-0.06995728643,19.43526687,-166.2894186
0.28312465070000004,0.6496568588,-0.06970603015,7.374538467,169.9099592
0.2875366205,0.6553252099,-0.06945477387,7.904854604,-167.8278199
0.2909927201,0.6615995123,-0.06920351759,15.12851338,177.0986998
0.2934123964,0.6683206178000001,-0.06895226131,1.936673782,179.1036871
0.2947412932,0.675319154,-0.06870100503,1.851301679,173.3017045
0.2949524584,0.6824197916000001,-0.06844974874000001,-17.85050949,165.5399324
0.2940468627,0.6894456363,-0.06819849246,-4.497673374,163.8258862
0.2920532206,0.6962226362,-0.06794723618000001,-18.68376123,174.5585854
0.2890271222,0.702583893,-0.0676959799,-9.145050599,172.6037144
0.2850495015,0.7083737723000001,-0.06744472362000001,3.814576523,-178.0615567
0.2802244821,0.7134517098000001,-0.06719346734,-11.66029511,179.228315
0.27467665849999995,0.7176956224000001,-0.06694221106,14.13249245,-172.0028555
0.2685478831,0.7210048392,-0.06669095477,-5.375769825,-160.1949158
0.26199364179999995,0.7233024845999999,-0.06643969849,-19.81249169,-178.0601805
0.255179111,0.7245372546,-0.06618844221,-18.31771992,179.6748888
0.24827499549999998,0.7246845479999999,-0.06593718593,10.20514285,-176.3805134
0.2414532527,0.7237469261,-0.06568592965,-16.29850154,161.4552255
0.2348828096,0.7217538944,-0.06543467337,1.041702421,-160.4044339
0.22872537969999998,0.7187610147,-0.06518341709,17.49188731,-179.0600675
0.2231314835,0.714848374,-0.0649321608,-8.372533356,-170.8691637
0.21823676990000002,0.7101184528,-0.06468090452,7.392957029,163.7531018
0.21415872930000002,0.7046934469,-0.06442964824000001,-2.001815175,168.08733
0.2109938764,0.6987121155,-0.06417839196,5.905930293,-170.4482154
0.20881547269999998,0.6923262346,-0.06392713568,18.88604855,-161.0500423
0.2076718395,0.6856967469999999,-0.0636758794,2.669847655,-162.4060379
0.20758530179999998,0.6789897072,-0.06342462312,-5.594955838,-177.5625928
0.2085517855,0.6723721219000001,-0.06317336683,5.050423283,166.3948951
0.2105410735,0.6660077917,-0.06292211055,-18.5980865,179.1845222
0.2134977107,0.6600532567999999,-0.06267085426999999,-7.69469679,169.5150287
0.217342532,0.6546539468,-0.06241959799,7.157978199,168.8466745
0.2219747716,0.6499406306,-0.06216834171,-12.82458186,175.9526428
0.2272746966,0.646026251,-0.06191708543,-11.48907772,161.1565862
0.2331066976,0.6430032223,-0.061665829150000004,1.250924059,176.6361631
0.2393227557,0.640941255,-0.06141457286,-12.75316469,168.2233752
0.245766198,0.639885758,-0.06116331658,15.05897616,179.9045698
0.2522756455,0.6398568553,-0.0609120603,-18.13434832,-164.3061261
0.2586890549,0.6408490379,-0.06066080402,-18.92721861,170.2430551
0.26484775250000003,0.642831456,-0.06040954774,12.07210819,-162.9390016
0.2706003594,0.6457488392999999,-0.06015829146,4.641380589,160.324666
0.2758065125,0.6495230202,-0.05990703518,-17.55000761,-166.6849061
0.2803402874,0.6540550177,-0.059655778890000004,17.55095171,166.3448299
0.2840932423,0.6592276259000001,-0.05940452261,9.5280755,-166.0756161
0.2869770074,0.6649084411,-0.05915326633,-16.88355295,-161.8387827
0.288925359,0.6709532477,-0.05890201005,-18.56023226,174.2441555
0.28989573030000004,0.6772096785999999,-0.05865075377,-15.58928442,174.0920569
0.289870123,0.6835210541,-0.05839949749,-1.349355202,160.4715847
0.2888554028,0.6897303065,-0.05814824121,2.848856157,-167.9789449
0.28688297349999997,0.6956838881999999,-0.05789698492,5.801898619,169.4334376
0.2840078423,0.7012355690000001,-0.057645728640000005,14.81995476,-173.4186018
0.28030710449999996,0.7062500268999999,-0.057394472360000004,-12.32354285,-175.8751967
0.2758778863,0.7106061456,-0.05714321608,-17.26803566,173.328515
0.27083480320000003,0.714199937,-0.0568919598,11.4563743,-166.8192003
0.26530699809999997,0.7169470192999999,-0.05664070352,-4.469656355,-164.1805062
0.2594348375,0.7187845912999999,-0.05638944724,16.33309387,164.2785842
0.2533663484,0.719672857,-0.05613819095,-13.39017979,-159.7386292
0.2472534874,0.7195958687,-0.05588693467,-0.150968888,-166.585631
0.241248336,0.7185617704,-0.055635678390000005,9.862306051,-171.0998561
0.2354993169,0.7166024407,-0.055384422110000005,7.466031235,163.2986505
0.2301475259,0.7137725464,-0.055133165830000004,-7.401682058,161.3636524
0.2253232692,0.7101480357000001,-0.05488190955,2.07214172,-167.0009172
0.2211428928,0.7058241104,-0.05463065327,6.505859129,-179.5844168
0.21770597900000002,0.7009127328,-0.05437939698,10.27142274,-175.0918562
0.21509297849999998,0.6955397307,-0.0541281407,3.22151281,165.9634471
0.21336333529999998,0.6898415767,-0.05387688442,-0.427955268,-171.3194442
0.2125541456,0.6839619235,-0.053625628140000006,15.57627456,-174.5343331
0.2126793826,0.6780479826,-0.05337437186,-4.236943651,174.7777596
0.213729702,0.672246839,-0.05312311558,-1.711109687,-177.9954029
0.21567282940000002,0.6667017931,-0.0528718593,-5.955435276,-176.9194955
0.21845451589999998,0.6615488206,-0.05262060302,-14.21526793,167.1971205
0.22200003459999998,0.6569132393999999,-0.052369346729999995,17.7645114,-170.9089162
0.2262161772,0.652906663,-0.052118090449999994,-11.9325234,161.2637623
0.2309936969,0.6496243161999999,-0.051866834169999994,10.9089486,-173.1434524
0.2362101347,0.647142777,-0.05161557789,-18.0140222,-171.5641932
0.2417329558,0.6455181973,-0.05136432161,7.144900735,-162.9142932
0.2474229151,0.6447850452,-0.05111306533,13.59636587,174.5422454
0.2531375675,0.6449553954,-0.05086180905,11.92523773,177.6861849
0.2587348335,0.6460187816,-0.05061055276,-7.430722871,170.5157419
0.264076532,0.6479426125,-0.050359296479999996,-19.58588883,-171.0537594
0.2690317914,0.6506731345,-0.050108040199999995,7.50460358,-162.7169999
0.2734802547,0.6541369158,-0.049856783919999995,8.658862015,177.4353049
0.2773150018,0.6582428102,-0.04960552764,5.883652046,-171.9765993
0.280445116,0.6628843478,-0.04935427136,10.19828292,-167.649837
0.282797834,0.6679424918,-0.04910301508,11.69805491,-165.751744
0.28432022960000003,0.6732886883,-0.04885175879,-3.640476793,167.2226482
0.284980391,0.6787881318,-0.04860050251,10.1694992,160.7682083
0.28476806590000003,0.6843031641,-0.04834924623,6.14636282,177.8870043
0.2836947639,0.6896967198999999,-0.048097989949999996,3.909624807,178.9663999
0.2817933147,0.6948357329,-0.04784673367,11.06597863,165.421365
0.2791168995,0.6995944189000001,-0.04759547739,-15.59254359,-175.5959782
0.2757375813,0.7038573534,-0.04734422111,2.905840513,175.9845194
0.27174437619999997,0.70752227,-0.04709296482,-2.807124482,-176.4110017
0.2672409162,0.7105025099,-0.04684170854,1.524996249,162.8269898
0.26234276349999996,0.7127290656999999,-0.04659045226,-6.341852064,-169.8672014
0.25717444899999997,0.7141521705,-0.04633919598,14.80889233,164.5403759
0.2518663068,0.7147423960999999,-0.0460879397,-4.958432446,-176.3073834
0.2465511887,0.7144912366999999,-0.04583668342,10.32547331,-179.5979521
0.2413611387,0.7134111663999999,-0.04558542714,-11.66403167,-174.6469929
0.2364241135,0.7115351749000001,-0.04533417085,4.953736082,-169.4406272
0.2318608271,0.7089157937,-0.04508291457,-11.52504987,160.4207563
0.2277818009,0.7056236441999999,-0.04483165829,2.042914129,-165.4163737
0.2242846884,0.7017455448,-0.04458040201,-18.92595157,-165.8675998
0.2214519409,0.697382229,-0.04432914573,-4.439426727,172.1693486
0.2193488696,0.6926457332,-0.04407788945,18.42498913,-167.4999482
0.2180221491,0.6876565230999999,-0.043826633170000004,-15.14311262,175.3246673
0.21749879630000002,0.6825404315,-0.04357537688,-12.21857899,-177.0939627
0.2177856477,0.6774254846,-0.0433241206,-3.465288185,168.3558322
0.21886934260000002,0.6724386992,-0.04307286432,-7.379200946,-179.6265198
0.22071681040000002,0.6677029280000001,-0.04282160804,16.46081743,-179.620526
0.2232762455,0.6633338335,-0.04257035176,4.334812817,171.4786811
0.226478541,0.6594370641,-0.04231909548,9.565347582,-166.1779764
0.23023914339999998,0.6561057017,-0.0420678392,13.33303324,166.5161752
0.2344602773,0.6534180414999999,-0.041816582910000004,-3.251670066,165.843322
0.2390334832,0.6514357586999999,-0.04156532663,14.15129904,173.7698041
0.2438424011,0.6502025028,-0.04131407035,-11.22063774,-161.3105797
0.24876572959999999,0.6497429528,-0.04106281407,9.202598447,-166.2214623
0.25368028519999997,0.6500623521,-0.04081155779,-8.076227915,170.1604184
0.2584640843,0.6511465323,-0.04056030151,-0.819024616,168.2290491
0.262999371,0.6529624204000001,-0.04030904523,7.693740669,-167.6513393
0.2671755151,0.6554590128,-0.04005778894,18.08197362,-170.2897273
0.27089171,0.6585687898,-0.039806532660000005,-16.78507507,-168.7435237
0.2740594036,0.6622095292,-0.039555276380000004,1.593584402,174.805652
0.2766044045,0.6662864729,-0.0393040201,-12.4118716,-166.1687366
0.2784686128,0.6706947884,-0.03905276382,-3.328327043,-164.4251798
0.2796113363,0.6753222613000001,-0.03880150754,9.19643019,164.9231011
0.2800101608,0.6800521503,-0.03855025126,-1.101090238,-161.4857018
0.2796613587,0.6847661319,-0.03829899497,7.178217504,163.9621043
0.2785798276,0.68934726,-0.038047738690000006,-1.64982512,-178.5200299
0.2767985649,0.6936828673,-0.037796482410000005,3.920817293,164.9669327
0.2743676956,0.6976673361000001,-0.037545226130000005,-2.362023907,-170.5044066
0.2713530806,0.7012046695,-0.037293969850000004,-5.838617151,-168.3576055
0.2678345446,0.7042108024,-0.03704271357,-15.22795045,-170.8974423
0.2639037699,0.7066155945,-0.036791457289999996,9.560479485,179.8848368
0.2596619127,0.7083644601,-0.036540201009999995,18.78977926,-161.4197004
0.2552170025,0.7094195956999999,-0.03628894472,1.35232043,171.599195
0.2506811925,0.7097607784000001,-0.03603768844,-1.82854201,-169.6473223
0.2461679307,0.7093857195000001,-0.03578643216,3.005971008,171.9124839
0.2417891217,0.708309967,-0.03553517588,3.76249034,168.1723806
0.2376523529,0.7065663645,-0.0352839196,10.37660739,172.2170252
0.233858251,0.7042040825,-0.03503266332,10.3174255,-170.928223
0.2304980356,0.7012872517,-0.03478140704,-11.69861739,-172.1264688
0.2276513287,0.6978932335,-0.034530150749999995,-11.74497409,179.4966371
0.2253842725,0.694110577,-0.034278894469999995,-5.869243237,176.8415403
0.22374800060000002,0.6900367129,-0.03402763819,-15.78493243,-173.2015934
0.2227774965,0.6857754478000001,-0.03377638191,7.732769815,-168.4917763
0.22249086550000002,0.6814343199999999,-0.03352512563,-17.11274022,159.1927791
0.222889035,0.6771218863,-0.03327386935,7.361667953,-166.3693605
0.2239558849,0.6729450077,-0.03302261307,18.00644097,-172.746703
0.2256588037,0.6690062014,-0.03277135678,-13.25352901,-174.9467956
0.2279496507,0.6654011247,-0.032520100499999996,-3.898413842,-163.6477214
0.230766097,0.6622162535999999,-0.032268844219999995,7.611995736,-162.6174553
0.23403330890000001,0.6595268114,-0.03201758794,-6.564646623,168.7947835
0.2376659283,0.6573949964,-0.03176633166,17.56244587,-159.4426764
0.2415702972,0.6558685523000001,-0.03151507538,1.489623611,169.3565499
0.24564687000000002,0.6549797116,-0.0312638191,-6.7924705,-176.7698266
0.24979274950000002,0.6547445366,-0.031012562809999998,-9.029497115,170.2009916
0.2539042838,0.6551626703,-0.030761306529999997,-16.65017886,-178.5015233
0.2578796573,0.6562174995000001,-0.03051005025,14.15111334,-176.4101962
0.2616214127,0.6578767227,-0.03025879397,10.36229802,163.5710043
0.26503883899999997,0.6600933041,-0.03000753769,7.584615362,165.2235029
0.2680501693,0.6628067874,-0.029756281409999998,-18.04932427,-175.9188648
0.2705845342,0.6659449311,-0.02950502513,12.54004551,159.9282902
0.2725836244,0.6694256244,-0.02925376884,-4.263866221,-160.3374304
0.2740030233,0.6731590296000001,-0.02900251256,-17.52241745,-162.9454387
0.27481317969999997,0.6770498984,-0.028751256279999998,-9.188967668,173.6853623
0.275,0.681,-0.0285,-13.53930515,173.6853406
